iso3,country,year,avg_download_mbps,gdp_pc_usd
ALB,Albania,2017,11.48,4614.0479692596
ARE,United Arab Emirates,2017,25.13,42340.5917160161
ARG,Argentina,2017,14.98,14532.5009308511
ARM,Armenia,2017,24.61,3869.05373867752
AUS,Australia,2017,25.52,53901.7145392154
AUT,Austria,2017,29.5,47163.7425775142
AZE,Azerbaijan,2017,10.2,4147.1981423222
BEL,Belgium,2017,53.95,44035.3239358548
BGD,Bangladesh,2017,16.68,1811.08221668646
BGR,Bulgaria,2017,43.11,8696.68930427924
BHR,Bahrain,2017,16.18,24784.7693514607
BHS,Bahamas,2017,23.76,31875.4881749619
BIH,Bosnia and Herzegovina,2017,18.6,5345.01985489192
BLR,Belarus,2017,26.32,5785.54491935194
BLZ,Belize,2017,7.62,6072.58267640581
BMU,Bermuda,2017,18.39,112339.425587467
BOL,Bolivia,2017,5.07,3306.30301224425
BRA,Brazil,2017,17.26,10080.5092819305
BRB,Barbados,2017,45.02,19692.7606711615
BRN,Brunei,2017,14.72,28024.3824618568
CAN,Canada,2017,63.72,45129.628116623
CHE,Switzerland,2017,76.84,82254.3770471336
CHL,Chile,2017,31.0,14879.9086227187
CHN,China,2017,57.03,8979.67652709856
CIV,Côte d'Ivoire,2017,6.94,1964.29930338343
COL,Colombia,2017,10.63,6479.53231292429
CRI,Costa Rica,2017,8.03,12317.0902771322
CUW,Curaçao,2017,18.87,18938.2440469703
CYP,Cyprus,2017,16.76,26696.990234375
CZE,Czechia,2017,34.63,20913.197632212
DEU,Germany,2017,50.02,45526.5999576533
DNK,Denmark,2017,69.92,57521.5514992225
DOM,Dominican Republic,2017,13.07,7412.71571571512
DZA,Algeria,2017,3.98,4554.66753957828
ECU,Ecuador,2017,10.02,6233.32244797718
EGY,Egypt,2017,5.28,2395.10333299491
ESP,Spain,2017,61.92,28381.3425596906
EST,Estonia,2017,35.66,20851.5223496861
FIN,Finland,2017,39.1,46085.0174739036
FRA,France,2017,60.83,38687.1626407164
GBR,United Kingdom,2017,49.85,40629.2340347345
GEO,Georgia,2017,17.76,4418.75206546679
GHA,Ghana,2017,15.6,2012.28662641265
GRC,Greece,2017,13.77,18631.9930129293
GTM,Guatemala,2017,8.86,4324.99608157801
GUM,Guam,2017,24.89,36779.0078903909
GUY,Guyana,2017,7.73,6178.6650437298
HKG,Hong Kong (SAR),2017,145.17,46160.429791493
HND,Honduras,2017,6.24,2413.0076562942
HRV,Croatia,2017,22.54,13902.6310485422
HUN,Hungary,2017,73.66,14736.1668157258
IDN,Indonesia,2017,13.2,3798.88326174526
IND,India,2017,18.33,1950.10468280866
IRL,Ireland,2017,38.43,72198.1076995377
IRN,Iran,2017,9.94,5753.11544659399
IRQ,Iraq,2017,7.28,4759.2846435467
ISL,Iceland,2017,127.11,72010.1490316258
ISR,Israel,2017,41.22,41138.470964272
ITA,Italy,2017,26.89,32844.115660604
JAM,Jamaica,2017,20.28,5259.31332766957
JOR,Jordan,2017,14.15,4065.61628749384
JPN,Japan,2017,69.87,38834.0529341227
KAZ,Kazakhstan,2017,26.19,8943.08416791984
KEN,Kenya,2017,15.18,1667.48447230835
KGZ,Kyrgyzstan,2017,16.22,1221.39046807082
KHM,Cambodia,2017,10.9,1826.35391688754
KOR,South Korea,2017,121.49,31600.7358741365
KWT,Kuwait,2017,14.65,29047.6535822842
LAO,Laos,2017,8.74,2432.43059478511
LBN,Lebanon,2017,4.45,8608.21084982387
LBY,Libya,2017,3.45,9965.83236729757
LKA,Sri Lanka,2017,19.18,4398.88828068715
LTU,Lithuania,2017,72.46,16800.1510246099
LUX,Luxembourg,2017,59.96,110193.213797228
LVA,Latvia,2017,46.73,15132.4958333982
MAC,Macau (SAR),2017,87.63,77704.9215312666
MAR,Morocco,2017,12.51,3296.52661132813
MDA,Moldova,2017,39.76,3453.26727720294
MDV,Maldives,2017,11.86,10509.628805812
MEX,Mexico,2017,19.2,9649.27816772402
MKD,North Macedonia,2017,21.38,5955.2973863451
MLT,Malta,2017,41.6,30317.2443357939
MMR,Myanmar (Burma),2017,8.39,1272.82241830603
MNE,Montenegro,2017,20.28,7758.36921956034
MNG,Mongolia,2017,20.01,3645.96708669551
MUS,Mauritius,2017,13.4,10841.6847754844
MYS,Malaysia,2017,20.74,9862.54806612235
NAM,Namibia,2017,10.17,5143.96072323076
NGA,Nigeria,2017,9.13,1876.34027111773
NIC,Nicaragua,2017,5.62,2182.61380995674
NLD,Netherlands,2017,71.95,49513.6817346384
NOR,Norway,2017,67.8,76131.8384032764
NPL,Nepal,2017,13.32,1034.28374906846
NZL,New Zealand,2017,64.32,42950.3841711138
OMN,Oman,2017,14.0,17820.0661809335
PAK,Pakistan,2017,6.05,1519.23459514248
PAN,Panama,2017,29.32,15694.6297454295
PER,Peru,2017,14.18,6736.16693725487
PHL,Philippines,2017,13.41,3038.12124959289
POL,Poland,2017,38.75,13913.3415190124
PRI,Puerto Rico,2017,31.06,30328.4871132804
PRT,Portugal,2017,48.52,21442.3842768879
PRY,Paraguay,2017,7.67,6152.26711537703
PSE,Palestine,2017,9.43,3620.36048715937
QAT,Qatar,2017,28.26,63279.8556949332
ROU,Romania,2017,98.39,10727.9822007426
RUS,Russia,2017,36.77,10658.9130859375
SAU,Saudi Arabia,2017,16.28,23929.2907135982
SGP,Singapore,2017,156.67,61236.251270627
SLV,El Salvador,2017,6.82,4020.12671373919
SRB,Serbia,2017,23.78,6548.03653824187
SVK,Slovakia,2017,37.9,17645.5298716761
SVN,Slovenia,2017,33.05,23303.077705959
SWE,Sweden,2017,78.1,53300.8587281785
SYR,Syria,2017,6.47,851.502005254153
THA,Thailand,2017,37.45,6413.09182530343
TTO,Trinidad and Tobago,2017,35.02,17578.6417765865
TUN,Tunisia,2017,6.43,3619.03247319953
TUR,Türkiye,2017,15.55,10695.550196231
TZA,Tanzania,2017,8.76,986.674011230469
UGA,Uganda,2017,6.7,765.218332297361
UKR,Ukraine,2017,35.42,2604.28759765625
URY,Uruguay,2017,20.97,19184.6502617082
USA,United States,2017,74.99,60047.7190728307
UZB,Uzbekistan,2017,5.78,2190.60411562888
VNM,Vietnam,2017,24.43,2956.10992127753
ZWE,Zimbabwe,2017,9.49,3448.08699068824
AGO,Angola,2018,12.76,2538.59139143371
ALB,Albania,2018,14.71,5365.48880180298
ARE,United Arab Emirates,2018,30.81,45689.8570049401
ARG,Argentina,2018,20.84,11752.7998922979
ARM,Armenia,2018,21.01,4196.00562301769
AUS,Australia,2018,32.25,57196.4220783778
AUT,Austria,2018,36.71,51194.0749841299
AZE,Azerbaijan,2018,13.29,4739.7943123408
BEL,Belgium,2018,59.35,47487.2100392561
BGD,Bangladesh,2018,17.39,1965.24372731467
BGR,Bulgaria,2018,43.26,9872.38507789106
BHR,Bahrain,2018,17.0,26324.4066549559
BHS,Bahamas,2018,22.24,32642.3353203452
BIH,Bosnia and Herzegovina,2018,20.47,6047.84584261133
BLR,Belarus,2018,34.67,6360.037502312
BLZ,Belize,2018,12.44,6031.28139580144
BOL,Bolivia,2018,7.29,3500.72642189887
BRA,Brazil,2018,24.89,9300.66164923219
BRB,Barbados,2018,72.24,20055.915870771
BRN,Brunei,2018,17.27,30988.1190497851
BWA,Botswana,2018,7.29,7407.95940141786
CAN,Canada,2018,80.14,46539.1761570405
CHE,Switzerland,2018,94.56,85217.3691512274
CHL,Chile,2018,51.6,15659.4808675628
CHN,China,2018,77.33,10085.6638148819
CIV,Côte d'Ivoire,2018,10.64,2130.86619381144
COL,Colombia,2018,14.93,6816.96818309544
CRI,Costa Rica,2018,12.73,12590.2493781628
CYP,Cyprus,2018,19.18,29599.986328125
CZE,Czechia,2018,40.58,23705.9329811299
DEU,Germany,2018,57.61,48874.8595028454
DNK,Denmark,2018,82.16,61324.7665045565
DOM,Dominican Republic,2018,14.57,7882.98221584944
DZA,Algeria,2018,3.52,4577.21029180491
ECU,Ecuador,2018,12.65,6303.91886658338
EGY,Egypt,2018,5.76,2484.70315630508
ESP,Spain,2018,87.74,30602.4212881113
EST,Estonia,2018,41.31,23618.1361254581
ETH,Ethiopia,2018,9.39,747.968003672674
FIN,Finland,2018,48.83,49654.2497035329
FRA,France,2018,81.45,41418.1766484844
GBR,United Kingdom,2018,53.17,43315.4874501318
GEO,Georgia,2018,17.15,4804.0546040444
GHA,Ghana,2018,24.9,2195.32166016377
GRC,Greece,2018,16.85,19873.4015238771
GTM,Guatemala,2018,8.27,4352.94651790253
GUY,Guyana,2018,18.74,6048.38697180418
HKG,Hong Kong (SAR),2018,139.58,48537.5668888343
HND,Honduras,2018,7.39,2464.64241531918
HRV,Croatia,2018,23.15,15460.4183295843
HUN,Hungary,2018,99.2,16605.0570511887
IDN,Indonesia,2018,15.37,3860.95353090726
IND,India,2018,24.56,1966.25455171679
IRL,Ireland,2018,51.93,80738.9628834696
IRN,Iran,2018,12.4,4631.78709016514
IRQ,Iraq,2018,12.56,5646.68932074742
ISL,Iceland,2018,147.13,74452.1890731447
ISR,Israel,2018,63.87,42362.6652754196
ITA,Italy,2018,36.48,34904.1081923834
JAM,Jamaica,2018,20.9,5578.10347525832
JOR,Jordan,2018,23.76,4145.43989673265
JPN,Japan,2018,81.47,39751.1330982711
KAZ,Kazakhstan,2018,28.07,9472.48527327758
KEN,Kenya,2018,14.82,1836.45275528993
KGZ,Kyrgyzstan,2018,17.84,1283.5203037417
KHM,Cambodia,2018,14.41,2036.67377566578
KOR,South Korea,2018,103.51,33447.1562836166
KWT,Kuwait,2018,20.35,32067.9623689512
LAO,Laos,2018,17.21,2545.1075420815
LBN,Lebanon,2018,6.06,9174.53666204759
LBY,Libya,2018,8.12,11196.5854810844
LKA,Sri Lanka,2018,21.16,4358.56095906047
LTU,Lithuania,2018,65.55,19247.2315367967
LUX,Luxembourg,2018,96.96,116926.759593905
LVA,Latvia,2018,48.74,17252.1710428626
MAC,Macau (SAR),2018,92.05,83761.8171798142
MAR,Morocco,2018,12.91,3501.69799804688
MDA,Moldova,2018,44.54,4156.44981956646
MDV,Maldives,2018,10.84,11423.2838427029
MEX,Mexico,2018,22.4,10084.7937553679
MKD,North Macedonia,2018,23.1,6713.98925398989
MLT,Malta,2018,51.23,33382.2677502638
MMR,Myanmar (Burma),2018,8.36,1298.21310320785
MNE,Montenegro,2018,24.11,8790.88152116679
MNG,Mongolia,2018,23.27,4107.64288528468
MOZ,Mozambique,2018,6.36,517.507260258101
MUS,Mauritius,2018,13.78,11643.4605962124
MYS,Malaysia,2018,31.32,10901.8019954421
NAM,Namibia,2018,10.77,5308.60813408705
NGA,Nigeria,2018,10.18,2057.87944554011
NIC,Nicaragua,2018,6.71,2035.16549390507
NLD,Netherlands,2018,83.32,53955.0770024266
NOR,Norway,2018,83.63,82792.8427113304
NPL,Nepal,2018,18.42,1179.19843190389
NZL,New Zealand,2018,81.85,43257.0769238879
OMN,Oman,2018,18.47,19901.7615642016
PAK,Pakistan,2018,7.53,1569.33814626355
PAN,Panama,2018,34.24,16151.3273478476
PER,Peru,2018,23.71,6978.49121548627
PHL,Philippines,2018,17.57,3168.51036609727
POL,Poland,2018,49.04,15658.210586693
PRT,Portugal,2018,64.2,23541.1401075289
PRY,Paraguay,2018,56.33,6258.44991640954
PSE,Palestine,2018,9.06,3562.33094270256
QAT,Qatar,2018,32.79,71039.8490579352
ROU,Romania,2018,107.42,12502.2624061935
RUS,Russia,2018,39.72,11211.8876953125
SAU,Saudi Arabia,2018,24.92,29360.0658968566
SEN,Senegal,2018,8.13,1452.55612562445
SGP,Singapore,2018,189.38,66881.6067035265
SLV,El Salvador,2018,8.17,4183.54620971358
SRB,Serbia,2018,31.95,7559.86165747394
SUR,Suriname,2018,7.9,6665.74180472239
SVK,Slovakia,2018,44.37,19573.3717031314
SVN,Slovenia,2018,40.8,25888.0481065655
SWE,Sweden,2018,91.86,54181.9069780904
SYR,Syria,2018,7.74,1098.0668642357
THA,Thailand,2018,50.99,7099.77650081458
TTO,Trinidad and Tobago,2018,41.17,17575.8042838042
TUN,Tunisia,2018,7.37,3628.10366464236
TUR,Türkiye,2018,16.26,9568.83506330228
TZA,Tanzania,2018,11.61,1023.10626220703
UKR,Ukraine,2018,37.47,3059.0517578125
URY,Uruguay,2018,35.58,19249.9404677501
USA,United States,2018,100.07,62875.6661382728
UZB,Uzbekistan,2018,7.98,1813.08530813664
VNM,Vietnam,2018,25.61,3222.31003125366
AFG,Afghanistan,2019,6.49,496.6025042585
AGO,Angola,2019,13.74,2189.85571407618
ALB,Albania,2019,28.61,5460.4305086932
AND,Andorra,2019,110.34,41257.8045846483
ARE,United Arab Emirates,2019,83.28,44251.4541398817
ARG,Argentina,2019,31.15,9955.97478680428
ARM,Armenia,2019,24.06,4597.22887399548
ATG,Antigua and Barbuda,2019,14.29,18896.3721832248
AUS,Australia,2019,41.31,54972.7017885437
AUT,Austria,2019,39.73,49885.9947355204
AZE,Azerbaijan,2019,16.46,4805.75371765917
BDI,Burundi,2019,8.38,210.236494521532
BEL,Belgium,2019,70.04,46716.6227467964
BEN,Benin,2019,8.05,1130.82135339795
BFA,Burkina Faso,2019,7.11,764.853077774946
BGD,Bangladesh,2019,23.5,2129.79896954606
BHR,Bahrain,2019,40.93,27259.7438599327
BHS,Bahamas,2019,30.74,33640.3369861278
BIH,Bosnia and Herzegovina,2019,25.16,6122.3753450882
BLR,Belarus,2019,49.94,6837.77339645635
BLZ,Belize,2019,29.56,6190.04792278445
BOL,Bolivia,2019,12.48,3503.89601123129
BRA,Brazil,2019,42.47,9029.83326681073
BRB,Barbados,2019,84.2,20583.7265786414
BRN,Brunei,2019,20.51,30426.5730284202
BTN,Bhutan,2019,21.34,3576.87987100503
BWA,Botswana,2019,8.37,7172.08956480028
CAN,Canada,2019,116.86,46352.8693445211
CHE,Switzerland,2019,119.33,84121.9310304414
CHL,Chile,2019,85.05,14495.716721687
CHN,China,2019,91.88,10342.9009524335
CIV,Côte d'Ivoire,2019,14.6,2141.76836170115
CMR,Cameroon,2019,9.01,1555.22660476477
COD,DR Congo,2019,7.55,557.044161335917
COG,Congo,2019,17.85,2488.42466724916
COL,Colombia,2019,23.28,6472.54544924705
CPV,Cape Verde,2019,25.9,4380.78117331128
CRI,Costa Rica,2019,23.91,12884.6859951947
CUB,Cuba,2019,12.12,9232.26115935183
CYP,Cyprus,2019,24.66,29703.052734375
CZE,Czechia,2019,52.8,24062.7190013343
DEU,Germany,2019,74.33,47623.8656074829
DJI,Djibouti,2019,10.6,2837.16902340932
DMA,Dominica,2019,25.99,9491.14995962374
DNK,Denmark,2019,102.88,59404.2663247723
DOM,Dominican Republic,2019,34.58,8183.01623600375
DZA,Algeria,2019,4.06,4468.45341883656
ECU,Ecuador,2019,18.62,6205.05765246766
EGY,Egypt,2019,9.78,2962.98892023003
ESP,Spain,2019,106.2,29786.5245689007
EST,Estonia,2019,59.91,24021.2501413306
ETH,Ethiopia,2019,11.61,828.709080522921
FIN,Finland,2019,72.88,48358.1807773701
FJI,Fiji,2019,17.24,5950.82866866702
FRA,France,2019,106.96,40408.2848574751
GAB,Gabon,2019,23.18,7441.1786472281
GBR,United Kingdom,2019,61.92,42794.0022648288
GEO,Georgia,2019,24.38,4741.2832715876
GHA,Ghana,2019,20.04,2186.65822682613
GMB,Gambia,2019,8.96,738.186751987483
GRC,Greece,2019,22.16,19335.3602002969
GRD,Grenada,2019,36.35,10462.7929159533
GTM,Guatemala,2019,11.75,4511.99755157656
GUY,Guyana,2019,19.71,6405.82443444562
HKG,Hong Kong (SAR),2019,161.17,48359.0011950597
HND,Honduras,2019,12.92,2502.32744328073
HRV,Croatia,2019,29.27,15563.8167397199
HTI,Haiti,2019,9.7,1352.17204191532
HUN,Hungary,2019,119.61,17012.8598553199
IDN,Indonesia,2019,20.61,4106.94856160358
IND,India,2019,31.59,2041.42863698585
IRL,Ireland,2019,71.65,81810.1926481407
IRN,Iran,2019,12.97,3831.27894763337
IRQ,Iraq,2019,19.54,5671.8568632942
ISR,Israel,2019,76.6,44250.6313628073
ITA,Italy,2019,50.54,33812.788724868
JAM,Jamaica,2019,21.12,5607.24299266608
JOR,Jordan,2019,39.25,4170.1144003465
JPN,Japan,2019,100.01,40415.9567649547
KAZ,Kazakhstan,2019,38.29,9457.12614657136
KEN,Kenya,2019,15.5,1960.40808854893
KGZ,Kyrgyzstan,2019,25.99,1421.99927504102
KHM,Cambodia,2019,18.64,2225.87705485686
KNA,Saint Kitts and Nevis,2019,21.53,23595.4923231291
KOR,South Korea,2019,160.0,31902.4169048194
KWT,Kuwait,2019,29.87,31707.8737464917
LAO,Laos,2019,18.75,2589.32081035237
LBN,Lebanon,2019,6.84,8905.88005497437
LBR,Liberia,2019,21.64,658.164180770507
LBY,Libya,2019,9.38,9963.19489084483
LCA,Saint Lucia,2019,19.63,11794.0597229805
LIE,Liechtenstein,2019,112.5,166907.839305016
LKA,Sri Lanka,2019,26.51,4081.94772722003
LTU,Lithuania,2019,93.23,19608.7943945553
LUX,Luxembourg,2019,107.86,112696.649059674
LVA,Latvia,2019,85.41,17294.9751600969
MAC,Macau (SAR),2019,114.18,81967.699172769
MAR,Morocco,2019,17.38,3508.09765625
MCO,Monaco,2019,124.4,193746.785647412
MDA,Moldova,2019,50.33,4405.33418162155
MDG,Madagascar,2019,32.94,499.818837622534
MDV,Maldives,2019,14.3,11740.2724029785
MEX,Mexico,2019,31.86,10369.5553585271
MKD,North Macedonia,2019,27.59,6718.85826635458
MLI,Mali,2019,12.15,971.949318638092
MLT,Malta,2019,90.62,32421.9179753188
MMR,Myanmar (Burma),2019,17.43,1425.98954211903
MNE,Montenegro,2019,29.75,8842.48528706869
MNG,Mongolia,2019,28.97,4347.54610314873
MOZ,Mozambique,2019,7.21,519.09255091362
MRT,Mauritania,2019,3.97,1767.072710621
MUS,Mauritius,2019,19.08,11403.2527870674
MWI,Malawi,2019,11.17,580.889816066776
MYS,Malaysia,2019,74.87,10920.191763972
NAM,Namibia,2019,12.77,4731.9210318831
NGA,Nigeria,2019,11.7,2265.15520863056
NIC,Nicaragua,2019,8.02,1958.62051528095
NLD,Netherlands,2019,99.81,53554.9007491475
NOR,Norway,2019,107.27,76430.5889473338
NPL,Nepal,2019,20.71,1203.14294706401
NZL,New Zealand,2019,101.31,42779.2298164101
OMN,Oman,2019,24.34,19180.1864152801
PAK,Pakistan,2019,8.79,1390.41690981745
PAN,Panama,2019,76.09,16477.9066285687
PER,Peru,2019,28.65,7037.00803692604
PHL,Philippines,2019,23.65,3400.78949767074
PNG,Papua New Guinea,2019,9.11,2575.77274140393
POL,Poland,2019,81.81,15874.5220531254
PRT,Portugal,2019,87.25,23343.3628970034
PRY,Paraguay,2019,58.83,5821.18199548637
PSE,Palestine,2019,13.48,3656.85827137011
QAT,Qatar,2019,69.01,66841.3013484919
ROU,Romania,2019,131.22,12992.0326104674
RUS,Russia,2019,56.42,11447.701171875
RWA,Rwanda,2019,12.71,810.051412137354
SAU,Saudi Arabia,2019,42.92,29566.7933827436
SDN,Sudan,2019,7.88,709.975280761719
SEN,Senegal,2019,18.01,1431.18128932159
SGP,Singapore,2019,193.9,65952.0378959293
SLE,Sierra Leone,2019,8.16,844.049555179116
SLV,El Salvador,2019,11.89,4320.11671534627
SMR,San Marino,2019,60.95,46627.0122356944
SOM,Somalia,2019,12.56,539.893931565407
SRB,Serbia,2019,46.73,7755.632986437
SUR,Suriname,2019,10.64,6629.66775248603
SVK,Slovakia,2019,56.76,19406.0589683582
SVN,Slovenia,2019,60.14,25814.1687167572
SWE,Sweden,2019,117.33,51773.0464558993
SWZ,Swaziland,2019,14.22,3913.12643969301
SYC,Seychelles,2019,25.67,19141.5118743615
SYR,Syria,2019,7.79,1109.53926036049
TGO,Togo,2019,19.92,826.260654099894
THA,Thailand,2019,88.78,7605.69657797759
TJK,Tajikistan,2019,19.05,871.022372934846
TKM,Turkmenistan,2019,2.12,6648.0348960628
TLS,East Timor,2019,5.06,1562.36458068032
TTO,Trinidad and Tobago,2019,45.98,17293.4730123427
TUN,Tunisia,2019,8.9,3528.87213306798
TUR,Türkiye,2019,22.33,9215.44049888114
TZA,Tanzania,2019,13.1,1063.32250976563
UGA,Uganda,2019,16.36,822.171150141651
UKR,Ukraine,2019,47.72,3619.86157226563
URY,Uruguay,2019,45.62,18315.7316980028
USA,United States,2019,120.0,65227.9565911038
UZB,Uzbekistan,2019,18.49,2041.38480729431
VCT,Saint Vincent and the Grenadines,2019,38.62,8740.59425232061
VNM,Vietnam,2019,39.62,3440.90025375434
VUT,Vanuatu,2019,4.55,3207.44650452083
XKX,Kosovo,2019,36.69,4415.99716107514
ZAF,South Africa,2019,23.89,6533.71121032856
ZMB,Zambia,2019,12.58,1258.98619844462
ZWE,Zimbabwe,2019,12.77,1683.91313584141
AFG,Afghanistan,2020,8.2,510.787063366811
AGO,Angola,2020,14.77,1449.92286669308
ALB,Albania,2020,37.11,5370.77749956875
AND,Andorra,2020,129.69,37361.0900666982
ARE,United Arab Emirates,2020,119.14,37173.8754093066
ARG,Argentina,2020,44.28,8535.59938004389
ARM,Armenia,2020,30.49,4268.68093304583
ATG,Antigua and Barbuda,2020,16.85,15369.6082250401
AUS,Australia,2020,54.55,51791.540179984
AUT,Austria,2020,80.03,48716.4098900349
AZE,Azerbaijan,2020,22.29,4229.91064904503
BDI,Burundi,2020,7.89,210.008139902508
BEL,Belgium,2020,95.9,45906.2875805246
BEN,Benin,2020,10.24,1200.19426631122
BFA,Burkina Faso,2020,11.05,825.237038782475
BGD,Bangladesh,2020,29.06,2248.85078828233
BGR,Bulgaria,2020,60.83,10769.9475699414
BHS,Bahamas,2020,41.69,26178.7537607708
BIH,Bosnia and Herzegovina,2020,34.43,6130.31133245161
BLR,Belarus,2020,70.84,6542.85579976768
BLZ,Belize,2020,37.39,5227.19363786168
BOL,Bolivia,2020,18.47,3099.94219053514
BRA,Brazil,2020,66.73,7074.19378337644
BRB,Barbados,2020,95.36,18347.1109131055
BTN,Bhutan,2020,16.06,3191.66906999331
BWA,Botswana,2020,8.81,6323.29749806946
CAN,Canada,2020,140.4,43537.839298904
CHE,Switzerland,2020,170.67,85897.7843338323
CHL,Chile,2020,128.95,13114.815470545
CHN,China,2020,139.76,10627.4637989619
CIV,Côte d'Ivoire,2020,22.84,2179.72934832935
CMR,Cameroon,2020,10.27,1555.60370660749
COD,DR Congo,2020,9.82,507.521230077872
COG,Congo,2020,16.2,1993.586671931
COL,Colombia,2020,36.63,5339.68711357943
CPV,Cape Verde,2020,20.85,3539.22661248299
CRI,Costa Rica,2020,37.72,12394.0493969354
CUB,Cuba,2020,5.09,9605.26125067263
CYP,Cyprus,2020,30.59,28649.015625
CZE,Czechia,2020,67.49,23472.8915454417
DEU,Germany,2020,106.41,47379.765194548
DJI,Djibouti,2020,13.48,2844.88810647853
DMA,Dominica,2020,31.2,7827.74842680426
DNK,Denmark,2020,151.23,60985.4885601514
DOM,Dominican Republic,2020,25.99,7135.22273255899
DZA,Algeria,2020,3.92,3743.5419522929
ECU,Ecuador,2020,26.83,5463.64515348598
EGY,Egypt,2020,31.38,3511.11381026379
ESP,Spain,2020,145.73,27233.9426461608
EST,Estonia,2020,71.21,23933.9939421065
ETH,Ethiopia,2020,8.72,905.313159254148
FIN,Finland,2020,101.92,48828.6846862799
FJI,Fiji,2020,19.47,4844.42127154524
FRA,France,2020,158.44,39169.8606000707
GAB,Gabon,2020,20.88,6605.80346077904
GBR,United Kingdom,2020,72.36,40404.8062238951
GEO,Georgia,2020,26.91,4300.85701291207
GHA,Ghana,2020,46.65,2195.45481659987
GIN,Guinea,2020,13.88,1053.66097696415
GMB,Gambia,2020,7.79,720.335143352133
GRC,Greece,2020,28.91,17886.733165236
GRD,Grenada,2020,48.84,8968.55890108484
GTM,Guatemala,2020,14.96,4477.61761796418
GUY,Guyana,2020,25.19,6775.70939096303
HKG,Hong Kong (SAR),2020,205.69,46109.2299946609
HND,Honduras,2020,17.71,2307.61494319511
HRV,Croatia,2020,37.2,14808.4620188819
HTI,Haiti,2020,13.09,1290.32538667383
HUN,Hungary,2020,156.66,16386.9308821258
IDN,Indonesia,2020,22.53,3853.70288774146
IND,India,2020,43.04,1907.04251637669
IRL,Ireland,2020,86.41,86622.5067251295
IRN,Iran,2020,20.58,2988.78122414716
IRQ,Iraq,2020,27.82,4295.18945121228
ISR,Israel,2020,111.32,44575.5719045492
ITA,Italy,2020,66.1,32091.4866621366
JAM,Jamaica,2020,35.75,4879.44025773374
JOR,Jordan,2020,59.97,4022.0401356135
JPN,Japan,2020,127.09,40028.7341726762
KAZ,Kazakhstan,2020,47.43,8781.50797787648
KEN,Kenya,2020,15.23,1927.66459027849
KGZ,Kyrgyzstan,2020,42.29,1229.51766602907
KHM,Cambodia,2020,23.63,2081.73914242939
KNA,Saint Kitts and Nevis,2020,25.52,18859.0190361046
KOR,South Korea,2020,159.98,31721.2989141857
KWT,Kuwait,2020,113.12,25236.0755520534
LAO,Laos,2020,31.53,2583.77730696131
LBN,Lebanon,2020,10.24,5561.19166950397
LBR,Liberia,2020,18.26,616.787867006715
LBY,Libya,2020,10.91,6650.33810585348
LCA,Saint Lucia,2020,37.39,8411.07474936367
LIE,Liechtenstein,2020,164.47,164671.093553454
LKA,Sri Lanka,2020,30.35,3847.60137695639
LTU,Lithuania,2020,117.13,20428.6478157394
LUX,Luxembourg,2020,135.48,116860.02817236
LVA,Latvia,2020,107.03,17564.2321549354
MAC,Macau (SAR),2020,151.86,36976.2561071429
MAR,Morocco,2020,19.01,3268.0302734375
MCO,Monaco,2020,164.31,176891.886538492
MDA,Moldova,2020,81.11,4375.7788930524
MDG,Madagascar,2020,33.61,450.771615201509
MDV,Maldives,2020,21.95,7393.8886543933
MEX,Mexico,2020,42.27,8841.2707511328
MKD,North Macedonia,2020,31.26,6659.59651070776
MLI,Mali,2020,17.99,953.242943290974
MLT,Malta,2020,110.67,31833.596382464
MMR,Myanmar (Burma),2020,20.87,1490.21683548367
MNE,Montenegro,2020,47.17,7612.62845881291
MNG,Mongolia,2020,43.62,4001.25193077703
MOZ,Mozambique,2020,8.61,462.433876479921
MRT,Mauritania,2020,5.5,1795.76459566714
MUS,Mauritius,2020,19.8,9011.04288445023
MWI,Malawi,2020,11.16,602.507478176106
MYS,Malaysia,2020,87.9,9957.52626697613
NAM,Namibia,2020,14.63,3878.58982993966
NGA,Nigeria,2020,12.61,2019.65706326224
NIC,Nicaragua,2020,17.36,1938.44704754382
NLD,Netherlands,2020,120.46,53467.9277413737
NOR,Norway,2020,137.72,68340.0181033702
NPL,Nepal,2020,21.91,1154.21517578318
NZL,New Zealand,2020,129.97,41850.92032802
OMN,Oman,2020,36.63,16784.8630630058
PAK,Pakistan,2020,9.56,1278.39735206896
PAN,Panama,2020,98.59,13290.5608347594
PER,Peru,2020,35.31,6133.32552410183
PHL,Philippines,2020,25.34,3227.57910235199
PNG,Papua New Guinea,2020,13.08,2429.61134585269
POL,Poland,2020,106.52,16150.9291009726
PRT,Portugal,2020,117.44,22299.4044062173
PRY,Paraguay,2020,39.99,5365.47220721191
PSE,Palestine,2020,15.52,3233.56863835858
QAT,Qatar,2020,90.8,51683.5054376677
ROU,Romania,2020,175.39,13082.3006559554
RUS,Russia,2020,75.91,10108.3271484375
RWA,Rwanda,2020,22.0,778.701498787411
SAU,Saudi Arabia,2020,70.54,24338.8307301067
SDN,Sudan,2020,6.26,577.795227050781
SEN,Senegal,2020,21.27,1461.08720350553
SGP,Singapore,2020,218.07,61410.0792630788
SLE,Sierra Leone,2020,11.69,845.982914284565
SLV,El Salvador,2020,16.18,3997.19279583709
SMR,San Marino,2020,97.48,44426.6463400658
SOM,Somalia,2020,17.88,518.184778494334
SRB,Serbia,2020,64.52,8098.70955668849
SUR,Suriname,2020,11.39,4755.39221710693
SVK,Slovakia,2020,84.79,19735.4858280801
SVN,Slovenia,2020,78.52,25392.0651093612
SWE,Sweden,2020,150.73,52653.7565934247
SWZ,Swaziland,2020,13.25,3454.784217446
SYC,Seychelles,2020,34.64,14041.4754074575
SYR,Syria,2020,8.25,572.355289831901
TGO,Togo,2020,19.91,853.578220263722
THA,Thailand,2020,173.41,6985.64393892574
TJK,Tajikistan,2020,32.61,834.311715460625
TKM,Turkmenistan,2020,3.56,6592.60146027748
TTO,Trinidad and Tobago,2020,62.0,15358.8612973066
TUN,Tunisia,2020,9.52,3548.65363663803
TUR,Türkiye,2020,27.95,8638.73903848102
TZA,Tanzania,2020,14.96,1117.41528320313
UGA,Uganda,2020,12.11,845.76646385001
UKR,Ukraine,2020,59.13,3709.76928710938
URY,Uruguay,2020,53.57,15757.5355995779
USA,United States,2020,156.61,64401.5074354212
UZB,Uzbekistan,2020,29.8,1978.28051860763
VCT,Saint Vincent and the Grenadines,2020,43.21,8351.20324040982
VNM,Vietnam,2020,55.2,3534.03953482647
XKX,Kosovo,2020,48.68,4310.89065548799
ZAF,South Africa,2020,33.98,5580.60383075189
ZMB,Zambia,2020,14.14,951.644316655957
ZWE,Zimbabwe,2020,14.74,1730.45391034701
AFG,Afghanistan,2021,9.23,356.496214115892
AGO,Angola,2021,15.04,1925.87466082167
ALB,Albania,2021,41.47,6413.28280828537
AND,Andorra,2021,145.18,42425.6996756291
ARE,United Arab Emirates,2021,195.11,43360.0211001327
ARG,Argentina,2021,57.49,10738.0179223384
ARM,Armenia,2021,37.21,4685.17997128509
ATG,Antigua and Barbuda,2021,17.11,17348.6006987182
AUS,Australia,2021,85.57,60607.7788605166
AUT,Austria,2021,93.77,53648.7190742245
AZE,Azerbaijan,2021,25.36,5408.04535175023
BDI,Burundi,2021,9.72,214.091455416133
BEL,Belgium,2021,121.81,51658.238294958
BEN,Benin,2021,16.81,1318.65158107487
BFA,Burkina Faso,2021,25.52,895.535288442991
BGD,Bangladesh,2021,38.98,2482.84917843357
BGR,Bulgaria,2021,79.19,12972.2173356002
BHR,Bahrain,2021,74.21,27147.8083882286
BHS,Bahamas,2021,55.89,30367.8605757708
BIH,Bosnia and Herzegovina,2021,43.1,7295.3438240957
BLR,Belarus,2021,68.84,7489.71894713888
BLZ,Belize,2021,41.45,6122.61158580079
BOL,Bolivia,2021,27.06,3384.84486462654
BRA,Brazil,2021,108.88,7972.5366498646
BRB,Barbados,2021,110.25,18696.7858952957
BRN,Brunei,2021,33.94,31006.9636220576
BTN,Bhutan,2021,21.79,3570.61257980872
BWA,Botswana,2021,10.35,7807.88794500125
CAN,Canada,2021,176.46,52886.6616372703
CHE,Switzerland,2021,222.0,93664.7736696111
CHL,Chile,2021,209.83,16206.8325493421
CHN,China,2021,193.15,12887.4357242941
CIV,Côte d'Ivoire,2021,35.41,2455.98127626488
CMR,Cameroon,2021,16.6,1672.32657340872
COD,DR Congo,2021,11.46,558.034077296358
COG,Congo,2021,24.12,2516.16255145432
COL,Colombia,2021,68.44,6222.62164397614
CPV,Cape Verde,2021,23.78,3971.44409203423
CRI,Costa Rica,2021,57.27,12838.1185359009
CYP,Cyprus,2021,50.45,33734.03515625
CZE,Czechia,2021,86.29,27696.4619527544
DEU,Germany,2021,130.76,52265.6541620571
DJI,Djibouti,2021,17.75,3025.91126413549
DMA,Dominica,2021,34.42,8376.40414141113
DNK,Denmark,2021,216.13,69727.9873677012
DOM,Dominican Republic,2021,31.85,8527.0754858205
DZA,Algeria,2021,9.95,4160.55926736925
ECU,Ecuador,2021,37.53,6061.32350181711
EGY,Egypt,2021,44.09,3827.35415374308
ESP,Spain,2021,187.36,30799.4775937775
EST,Estonia,2021,82.82,27953.7670230126
ETH,Ethiopia,2021,14.44,910.947887074508
FIN,Finland,2021,131.02,53099.1351400148
FJI,Fiji,2021,21.28,4696.17103944634
FRA,France,2021,201.61,43725.0999521245
FSM,Micronesia,2021,16.56,3508.22356270221
GAB,Gabon,2021,20.62,8181.40914134398
GBR,United Kingdom,2021,95.79,46926.475736105
GEO,Georgia,2021,26.73,5083.60695484577
GHA,Ghana,2021,49.55,2445.18662529344
GMB,Gambia,2021,10.09,781.890925169531
GNQ,Equatorial Guinea,2021,12.17,6945.63069794539
GRC,Greece,2021,35.03,20654.7001960815
GRD,Grenada,2021,56.44,9622.24050459345
GTM,Guatemala,2021,23.82,4912.62225721201
GUY,Guyana,2021,63.2,9860.87014834386
HKG,Hong Kong (SAR),2021,254.4,49770.5642374739
HND,Honduras,2021,26.17,2735.14751503977
HRV,Croatia,2021,55.36,17789.9304736722
HTI,Haiti,2021,14.93,1835.44394078496
HUN,Hungary,2021,201.55,19030.628130329
IDN,Indonesia,2021,26.95,4287.17313995098
IND,India,2021,62.45,2239.61384367482
IRL,Ireland,2021,117.4,103961.976350649
IRN,Iran,2021,21.35,4334.79268631354
IRQ,Iraq,2021,33.13,4868.49431080783
ISR,Israel,2021,164.24,52270.9040241956
ITA,Italy,2021,94.3,36852.5425414951
JAM,Jamaica,2021,40.0,5165.33782130331
JOR,Jordan,2021,82.44,4183.49998326866
JPN,Japan,2021,180.35,40094.5599795288
KAZ,Kazakhstan,2021,61.05,9983.60103576902
KEN,Kenya,2021,17.41,2061.35622089594
KGZ,Kyrgyzstan,2021,47.91,1349.99730650542
KHM,Cambodia,2021,25.82,2167.40324198499
KNA,Saint Kitts and Nevis,2021,32.78,18361.1449697886
KOR,South Korea,2021,216.67,35125.5224984723
KWT,Kuwait,2021,141.42,34018.6342879647
LAO,Laos,2021,47.01,2526.05105018529
LBN,Lebanon,2021,16.9,4045.37391066234
LBR,Liberia,2021,25.65,667.96610514319
LBY,Libya,2021,16.53,4935.82787349801
LCA,Saint Lucia,2021,49.5,10459.1321248092
LIE,Liechtenstein,2021,194.77,201944.830335076
LKA,Sri Lanka,2021,26.05,3996.96240014909
LSO,Lesotho,2021,25.59,1066.58643600093
LTU,Lithuania,2021,135.65,23870.4594851722
LUX,Luxembourg,2021,173.16,134965.815442152
LVA,Latvia,2021,133.91,20261.8887788916
MAC,Macau (SAR),2021,170.84,45376.314586156
MAR,Morocco,2021,26.4,3785.93627929688
MCO,Monaco,2021,242.89,223823.363960226
MDA,Moldova,2021,139.61,5274.60582195352
MDG,Madagascar,2021,45.98,483.469463351371
MDV,Maldives,2021,23.72,10176.143882547
MEX,Mexico,2021,53.04,10314.0506725979
MHL,Marshall Islands,2021,42.6,6258.61193705127
MKD,North Macedonia,2021,38.84,7620.80296977508
MLI,Mali,2021,19.99,1027.27345365357
MLT,Malta,2021,142.07,38065.354346575
MMR,Myanmar (Burma),2021,19.78,1242.72134419599
MNE,Montenegro,2021,47.39,9377.48879714989
MNG,Mongolia,2021,50.52,4517.61578018785
MOZ,Mozambique,2021,8.84,509.907829475551
MRT,Mauritania,2021,11.08,1947.78918383313
MUS,Mauritius,2021,23.87,9068.97300226707
MWI,Malawi,2021,13.72,617.447520802454
MYS,Malaysia,2021,103.28,10903.1116425938
NAM,Namibia,2021,18.16,4412.8355693052
NGA,Nigeria,2021,18.15,2017.27486481527
NIC,Nicaragua,2021,30.26,2138.38588469449
NLD,Netherlands,2021,161.85,60141.9880911492
NOR,Norway,2021,161.61,93072.8925119571
NPL,Nepal,2021,30.49,1252.75076731986
NZL,New Zealand,2021,164.16,49689.498134519
OMN,Oman,2021,65.3,19403.4600160211
PAK,Pakistan,2021,13.5,1455.31922370186
PAN,Panama,2021,131.35,15509.8069109784
PER,Peru,2021,57.97,6826.20255614477
PHL,Philippines,2021,72.56,3484.38593882819
PNG,Papua New Guinea,2021,16.4,2607.57861874444
POL,Poland,2021,147.45,18635.5088812509
PRT,Portugal,2021,145.96,24711.4510062111
PRY,Paraguay,2021,72.94,5976.9317978996
PSE,Palestine,2021,25.02,3678.63565662194
QAT,Qatar,2021,109.57,71751.8831257169
ROU,Romania,2021,217.91,14986.7854904274
RUS,Russia,2021,93.37,12425.029296875
RWA,Rwanda,2021,18.45,829.544845639777
SAU,Saudi Arabia,2021,91.65,31920.7653655643
SDN,Sudan,2021,9.02,712.122009277344
SEN,Senegal,2021,34.68,1598.10676952274
SGP,Singapore,2021,262.2,80056.1288247844
SLE,Sierra Leone,2021,12.13,886.192939104469
SLV,El Salvador,2021,26.41,4642.60743101342
SMR,San Marino,2021,114.24,54168.9828262684
SOM,Somalia,2021,14.66,549.114742721701
SRB,Serbia,2021,80.59,9680.52798074468
SUR,Suriname,2021,14.93,5029.84838543953
SVK,Slovakia,2021,106.12,22132.4483028948
SVN,Slovenia,2021,111.74,29187.369382785
SWE,Sweden,2021,167.29,61174.9680215622
SWZ,Swaziland,2021,10.62,3966.29863253832
SYC,Seychelles,2021,33.27,14982.9111487767
SYR,Syria,2021,10.73,663.614245706815
TGO,Togo,2021,20.61,939.613373786407
THA,Thailand,2021,221.0,7057.20754802279
TJK,Tajikistan,2021,33.85,896.748053372182
TKM,Turkmenistan,2021,4.49,7051.20211079213
TTO,Trinidad and Tobago,2021,87.42,17679.1812561341
TUN,Tunisia,2021,10.3,3906.93926319391
TUR,Türkiye,2021,40.58,9743.21277804855
TZA,Tanzania,2021,17.93,1159.85656738281
UGA,Uganda,2021,14.62,882.791717442001
UKR,Ukraine,2021,73.89,4775.94580078125
URY,Uruguay,2021,61.23,17881.818721099
USA,United States,2021,199.0,71307.4017277218
UZB,Uzbekistan,2021,40.64,2258.51964119278
VCT,Saint Vincent and the Grenadines,2021,50.8,8641.27904024443
VNM,Vietnam,2021,75.3,3704.1935590038
VUT,Vanuatu,2021,15.44,3211.71947349318
XKX,Kosovo,2021,60.86,5270.42965289833
ZAF,South Africa,2021,53.6,6843.39941886204
ZMB,Zambia,2021,10.69,1127.16077872857
ZWE,Zimbabwe,2021,14.86,1724.38727102272
AFG,Afghanistan,2022,1.9,357.261152798144
AGO,Angola,2022,12.84,2929.69445467272
ALB,Albania,2022,33.67,6846.42669381643
AND,Andorra,2022,85.92,42414.0590092117
ARE,United Arab Emirates,2022,127.16,49899.0652975197
ARG,Argentina,2022,47.19,13935.6811110049
ARM,Armenia,2022,36.27,6571.97445545099
ATG,Antigua and Barbuda,2022,20.85,20105.1989085164
AUS,Australia,2022,52.62,64997.0136536475
AUT,Austria,2022,62.74,52176.6649141178
AZE,Azerbaijan,2022,22.15,7770.594223351
BDI,Burundi,2022,5.07,250.634225368744
BEL,Belgium,2022,83.63,50822.2518538518
BEN,Benin,2022,14.77,1266.42710981159
BFA,Burkina Faso,2022,40.01,836.118304593682
BGD,Bangladesh,2022,32.99,2716.48592780431
BGR,Bulgaria,2022,57.23,13999.6719197289
BHR,Bahrain,2022,48.58,30470.5219276023
BHS,Bahamas,2022,41.64,34957.1613279737
BIH,Bosnia and Herzegovina,2022,22.98,7655.59421024383
BLR,Belarus,2022,51.3,7994.64806074889
BLZ,Belize,2022,40.65,7068.45478269722
BOL,Bolivia,2022,22.6,3643.92826984604
BRA,Brazil,2022,94.36,9281.33334441234
BRB,Barbados,2022,81.29,22164.0260273876
BRN,Brunei,2022,41.79,36632.9280421411
BTN,Bhutan,2022,11.99,3711.32767981591
BWA,Botswana,2022,6.97,8328.70905682185
CAN,Canada,2022,111.76,56256.8007264015
CHE,Switzerland,2022,122.76,94394.5106803525
CHL,Chile,2022,211.43,15405.6165774073
CHN,China,2022,178.73,12970.6056414327
CIV,Côte d'Ivoire,2022,30.15,2333.37128334477
CMR,Cameroon,2022,6.79,1604.87726954895
COD,DR Congo,2022,9.95,642.612267148918
COG,Congo,2022,27.94,2620.83804304713
COL,Colombia,2022,84.66,6680.44506854481
CPV,Cape Verde,2022,14.11,4323.31362032709
CRI,Costa Rica,2022,57.73,13625.9008491478
CYP,Cyprus,2022,33.44,33894.44921875
CZE,Czechia,2022,48.15,28282.2236715857
DEU,Germany,2022,75.09,49686.1154582583
DJI,Djibouti,2022,8.27,3133.25779772463
DMA,Dominica,2022,69.57,9323.66089490562
DNK,Denmark,2022,156.06,68091.3191138669
DOM,Dominican Republic,2022,17.03,10104.2449349081
DZA,Algeria,2022,10.84,4961.55257664733
ECU,Ecuador,2022,43.19,6515.58528418336
EGY,Egypt,2022,45.46,4233.30783744856
ESP,Spain,2022,131.55,30270.2687017458
EST,Estonia,2022,51.35,28451.1477825175
ETH,Ethiopia,2022,4.06,1011.07332413462
FIN,Finland,2022,92.12,50440.560224974
FJI,Fiji,2022,13.98,5405.03006162671
FRA,France,2022,105.23,41082.8119320747
FSM,Micronesia,2022,10.24,3710.12448453257
GAB,Gabon,2022,40.58,8409.20741452279
GBR,United Kingdom,2022,66.22,46062.9914079698
GEO,Georgia,2022,24.72,6729.84659930283
GHA,Ghana,2022,24.59,2229.89122647803
GIN,Guinea,2022,5.91,1416.59612011764
GMB,Gambia,2022,5.92,836.244875582631
GNQ,Equatorial Guinea,2022,6.29,7589.29964909381
GRC,Greece,2022,32.29,20971.8349258283
GRD,Grenada,2022,58.08,10535.4588771454
GTM,Guatemala,2022,25.52,5358.70127494396
GUY,Guyana,2022,50.93,17913.4928066879
HKG,Hong Kong (SAR),2022,179.58,48825.8441873536
HND,Honduras,2022,28.56,3003.28996826399
HRV,Croatia,2022,31.09,18466.0955472648
HTI,Haiti,2022,15.0,1760.62635668777
HUN,Hungary,2022,101.08,18483.6366867035
IDN,Indonesia,2022,22.35,4730.83484836107
IND,India,2022,48.29,2347.44829434623
IRL,Ireland,2022,70.49,105234.511567597
IRN,Iran,2022,10.02,4405.09291519791
IRQ,Iraq,2022,20.14,6520.73154560584
ISR,Israel,2022,94.68,54949.621556429
ITA,Italy,2022,48.78,35653.9042103495
JAM,Jamaica,2022,40.83,6022.15339791763
JOR,Jordan,2022,70.44,4332.25159897931
JPN,Japan,2022,131.86,34065.6438962526
KAZ,Kazakhstan,2022,38.22,11255.3396437881
KEN,Kenya,2022,8.98,2109.56288513137
KGZ,Kyrgyzstan,2022,48.46,1739.72018344174
KHM,Cambodia,2022,19.47,2325.03050040841
KNA,Saint Kitts and Nevis,2022,29.76,20985.0112160159
KOR,South Korea,2022,109.1,32394.6833725203
KWT,Kuwait,2022,114.17,39981.7690981957
LAO,Laos,2022,27.92,2046.40440255621
LBN,Lebanon,2022,6.72,3654.35845534878
LBR,Liberia,2022,7.98,744.617175237387
LBY,Libya,2022,8.06,5986.63694851258
LCA,Saint Lucia,2022,76.66,13103.8243147472
LIE,Liechtenstein,2022,110.77,186821.881757157
LKA,Sri Lanka,2022,19.53,3342.63650253855
LSO,Lesotho,2022,16.95,1030.12579628833
LTU,Lithuania,2022,87.21,25085.784063499
LUX,Luxembourg,2022,93.22,123719.658915996
LVA,Latvia,2022,61.62,20227.2307431581
MAC,Macau (SAR),2022,157.54,36909.9564090312
MAR,Morocco,2022,15.19,3455.39624023438
MCO,Monaco,2022,126.72,226052.001905201
MDA,Moldova,2022,104.92,5744.29618434435
MDG,Madagascar,2022,24.7,503.514533472879
MDV,Maldives,2022,9.69,11786.0091545343
MEX,Mexico,2022,48.45,11402.1410374782
MKD,North Macedonia,2022,27.3,7606.2375253797
MLI,Mali,2022,22.76,969.72220560562
MLT,Malta,2022,87.36,36224.2819955817
MMR,Myanmar (Burma),2022,19.05,1158.05005034332
MNE,Montenegro,2022,38.26,9990.20444616996
MNG,Mongolia,2022,50.85,4993.51487463495
MOZ,Mozambique,2022,5.81,578.251663751351
MRT,Mauritania,2022,14.56,1960.35240077424
MUS,Mauritius,2022,25.08,10223.7882316574
MWI,Malawi,2022,8.87,604.269751184515
MYS,Malaysia,2022,85.08,11748.0919307944
NAM,Namibia,2022,7.69,4349.79908493314
NER,Niger,2022,4.23,609.745147661683
NGA,Nigeria,2022,9.7,2139.37478476974
NIC,Nicaragua,2022,41.15,2322.89053964583
NLD,Netherlands,2022,106.51,59123.318556487
NOR,Norway,2022,100.89,109269.520580298
NPL,Nepal,2022,47.45,1385.91066274851
NZL,New Zealand,2022,133.44,48760.0381935936
OMN,Oman,2022,55.05,23223.5829405935
PAK,Pakistan,2022,10.18,1538.3228133171
PAN,Panama,2022,107.86,17332.4360742988
PER,Peru,2022,53.98,7350.63034300417
PHL,Philippines,2022,78.33,3548.06930572116
PNG,Papua New Guinea,2022,9.57,3102.28968594061
POL,Poland,2022,91.24,18891.213529396
PRT,Portugal,2022,100.32,24620.519556875
PRY,Paraguay,2022,63.51,6205.6259537937
PSE,Palestine,2022,51.63,3799.95527015163
QAT,Qatar,2022,86.88,88701.463352273
ROU,Romania,2022,123.31,15557.8826247584
RUS,Russia,2022,71.86,15619.6142578125
RWA,Rwanda,2022,9.48,975.469323979541
SAU,Saudi Arabia,2022,83.35,38510.2276211037
SDN,Sudan,2022,4.6,1046.24084472656
SEN,Senegal,2022,20.7,1574.0281059306
SGP,Singapore,2022,219.01,90299.0694637269
SLE,Sierra Leone,2022,10.46,860.774590932595
SLV,El Salvador,2022,26.03,5074.60210221806
SMR,San Marino,2022,59.45,54264.570495898
SOM,Somalia,2022,7.47,573.128092472349
SRB,Serbia,2022,53.72,10022.9688543402
SUR,Suriname,2022,11.59,6084.43876736445
SVK,Slovakia,2022,51.89,21334.6011006572
SVN,Slovenia,2022,69.64,28373.8382265999
SWE,Sweden,2022,98.45,55296.9371472535
SWZ,Swaziland,2022,5.23,3889.65276959161
SYC,Seychelles,2022,31.78,16836.6721895387
SYR,Syria,2022,3.06,1051.67149587463
TGO,Togo,2022,33.72,898.758154410712
THA,Thailand,2022,188.75,6909.35281815827
TJK,Tajikistan,2022,31.78,1052.17949484894
TKM,Turkmenistan,2022,2.18,8156.35211950774
TLS,East Timor,2022,4.83,2343.24523350389
TTO,Trinidad and Tobago,2022,77.74,20874.37682915
TUN,Tunisia,2022,7.83,3708.8481241036
TUR,Türkiye,2022,29.43,10674.504157865
TZA,Tanzania,2022,11.12,1207.85302734375
UGA,Uganda,2022,10.01,963.067314233497
UKR,Ukraine,2022,55.32,4199.6708984375
URY,Uruguay,2022,94.6,20818.6146091144
USA,United States,2022,167.36,77860.9112908848
UZB,Uzbekistan,2022,41.84,2578.66689394219
VCT,Saint Vincent and the Grenadines,2022,69.54,9693.55867833025
VNM,Vietnam,2022,80.28,4147.69777213621
VUT,Vanuatu,2022,7.89,3292.34108821237
XKX,Kosovo,2022,45.81,5290.94747224687
ZAF,South Africa,2022,36.11,6523.41097815853
ZMB,Zambia,2022,7.0,1447.12310138035
ZWE,Zimbabwe,2022,6.79,2040.54658705395
AFG,Afghanistan,2023,2.84,413.757894705303
AGO,Angola,2023,15.96,2309.53413042773
ALB,Albania,2023,46.47,8575.17134637222
AND,Andorra,2023,93.94,46812.4484486309
ARE,United Arab Emirates,2023,240.25,49040.6947521035
ARG,Argentina,2023,68.66,14187.4827252965
ARM,Armenia,2023,44.96,8125.27395754003
ATG,Antigua and Barbuda,2023,34.27,21494.5474000727
AUS,Australia,2023,54.08,64835.9199754535
AUT,Austria,2023,69.6,56033.573792065
AZE,Azerbaijan,2023,28.7,7133.02838048328
BDI,Burundi,2023,5.43,192.074305359351
BEL,Belgium,2023,91.35,54690.0942734964
BEN,Benin,2023,24.31,1394.17784663045
BFA,Burkina Faso,2023,42.8,882.689810086163
BGD,Bangladesh,2023,39.23,2551.01773827307
BGR,Bulgaria,2023,67.47,15883.8618545581
BHR,Bahrain,2023,80.03,29290.1284215098
BHS,Bahamas,2023,55.0,38231.774484278
BIH,Bosnia and Herzegovina,2023,24.47,8663.02322987879
BLR,Belarus,2023,51.76,7896.75388295584
BLZ,Belize,2023,43.13,7459.99815132837
BOL,Bolivia,2023,26.23,3686.27996442176
BRA,Brazil,2023,126.89,10377.5892792557
BRB,Barbados,2023,94.66,23804.0249914995
BRN,Brunei,2023,49.52,32890.5492465722
BTN,Bhutan,2023,12.9,3839.4093039286
BWA,Botswana,2023,8.26,7826.35376483298
CAN,Canada,2023,153.39,54220.3285039875
CHE,Switzerland,2023,160.81,100631.802755125
CHL,Chile,2023,240.43,17067.0364799154
CHN,China,2023,200.53,12951.1782397043
CIV,Côte d'Ivoire,2023,57.72,2554.67304885576
CMR,Cameroon,2023,9.83,1736.86091073524
COD,DR Congo,2023,11.91,633.395661686298
COG,Congo,2023,43.73,2477.97845477092
COL,Colombia,2023,99.19,7000.83660501046
CPV,Cape Verde,2023,17.39,4861.29184126229
CRI,Costa Rica,2023,79.9,16942.0268119304
CYP,Cyprus,2023,59.62,36551.41796875
CZE,Czechia,2023,60.35,31591.0568216357
DEU,Germany,2023,85.0,53940.4073447462
DJI,Djibouti,2023,22.42,3397.52015779588
DMA,Dominica,2023,86.66,9912.96212766668
DNK,Denmark,2023,199.5,68453.8769281145
DOM,Dominican Republic,2023,26.87,10630.431743829
DZA,Algeria,2023,11.3,5364.02795022731
ECU,Ecuador,2023,68.95,6737.84748379638
EGY,Egypt,2023,54.32,3456.78968456253
ESP,Spain,2023,176.74,33509.0127982139
EST,Estonia,2023,67.69,30133.304450454
FIN,Finland,2023,97.75,52821.5114340717
FJI,Fiji,2023,16.64,5888.73667332429
FRA,France,2023,169.65,44690.9345395117
FSM,Micronesia,2023,10.81,3941.37247887414
GAB,Gabon,2023,34.2,8071.39777400455
GBR,United Kingdom,2023,77.61,49200.8101526146
GEO,Georgia,2023,25.4,8283.66960652261
GHA,Ghana,2023,35.42,2383.90410483418
GIN,Guinea,2023,10.11,1555.49375806861
GMB,Gambia,2023,7.23,888.157407441902
GRC,Greece,2023,38.82,23400.7278817691
GRD,Grenada,2023,81.18,11308.2874249451
GTM,Guatemala,2023,43.81,5758.30876298845
GUY,Guyana,2023,59.37,20473.7002190617
HKG,Hong Kong (SAR),2023,243.59,50565.4647717265
HND,Honduras,2023,37.42,3227.45762509776
HRV,Croatia,2023,36.82,21865.4562838641
HTI,Haiti,2023,33.87,1705.75808460999
HUN,Hungary,2023,134.08,22312.1790289763
IDN,Indonesia,2023,28.28,4876.30774512252
IND,India,2023,54.17,2530.12031278204
IRL,Ireland,2023,91.25,103887.800388081
IRN,Iran,2023,11.92,4465.63766853306
IRQ,Iraq,2023,27.32,5965.31835077761
ISL,Iceland,2023,173.45,79960.0961535662
ISR,Israel,2023,159.29,52003.7200729997
ITA,Italy,2023,59.91,39065.4244365633
JAM,Jamaica,2023,60.85,6839.72502408181
JOR,Jordan,2023,96.98,4466.08314208575
JPN,Japan,2023,143.18,33836.1756271617
KAZ,Kazakhstan,2023,47.01,12879.4275257974
KEN,Kenya,2023,10.38,1952.30457929636
KGZ,Kyrgyzstan,2023,52.77,2138.22210211478
KHM,Cambodia,2023,23.81,2429.74853452838
KNA,Saint Kitts and Nevis,2023,49.53,22600.4502299468
KOR,South Korea,2023,119.58,33121.3712885508
KWT,Kuwait,2023,151.94,34075.8490439847
LAO,Laos,2023,31.83,2066.94979776957
LBN,Lebanon,2023,7.58,3477.72489842684
LBR,Liberia,2023,6.35,799.194470229642
LBY,Libya,2023,8.68,6172.81246940233
LCA,Saint Lucia,2023,85.59,13554.7684784933
LIE,Liechtenstein,2023,135.28,207973.617746758
LKA,Sri Lanka,2023,19.67,3798.89016573011
LSO,Lesotho,2023,20.57,916.282970463888
LTU,Lithuania,2023,94.5,27786.0057829276
LUX,Luxembourg,2023,102.2,131407.681364513
LVA,Latvia,2023,70.97,22675.5786295407
MAC,Macau (SAR),2023,158.27,67476.5290813306
MAR,Morocco,2023,20.29,3771.4462890625
MCO,Monaco,2023,156.76,256580.515122745
MDA,Moldova,2023,105.92,6799.58594644576
MDG,Madagascar,2023,29.81,508.718427705736
MDV,Maldives,2023,12.78,12530.3602359683
MEX,Mexico,2023,61.37,13826.1306570122
MKD,North Macedonia,2023,37.12,8624.28400232117
MLI,Mali,2023,20.0,1035.86242628411
MLT,Malta,2023,106.58,40182.4313854634
MMR,Myanmar (Burma),2023,19.56,1233.19666209269
MNE,Montenegro,2023,47.26,12077.3747094687
MNG,Mongolia,2023,58.57,5838.63108083902
MOZ,Mozambique,2023,10.37,622.985619320596
MRT,Mauritania,2023,21.3,2120.82318421747
MUS,Mauritius,2023,36.18,11182.186568616
MWI,Malawi,2023,13.61,602.343619809252
MYS,Malaysia,2023,98.48,11379.0851923557
NAM,Namibia,2023,13.41,4187.60500350786
NER,Niger,2023,5.23,638.336080723299
NGA,Nigeria,2023,16.39,1596.63696129001
NIC,Nicaragua,2023,51.22,2609.44492072931
NLD,Netherlands,2023,136.34,64572.0059558854
NOR,Norway,2023,109.59,87497.3289297342
NPL,Nepal,2023,60.25,1382.33055769304
NZL,New Zealand,2023,167.56,48654.904227478
OMN,Oman,2023,64.2,20972.4830886637
PAK,Pakistan,2023,11.85,1365.16927410976
PAN,Panama,2023,147.32,18686.4050961265
PER,Peru,2023,89.34,7887.54185920108
PHL,Philippines,2023,88.81,3804.08274131097
PNG,Papua New Guinea,2023,12.06,2966.06830432055
POL,Poland,2023,109.01,22145.2643088909
PRT,Portugal,2023,126.09,27386.2920595024
PRY,Paraguay,2023,78.05,6299.99026533643
PSE,Palestine,2023,64.78,3455.02852911712
QAT,Qatar,2023,153.89,80195.8746508549
ROU,Romania,2023,160.32,18404.2730871704
RUS,Russia,2023,80.52,14159.3876953125
RWA,Rwanda,2023,33.08,1027.03446804432
SAU,Saudi Arabia,2023,95.13,36156.848337701
SDN,Sudan,2023,6.5,797.283447265625
SEN,Senegal,2023,23.21,1698.03387300843
SGP,Singapore,2023,254.65,85412.230345235
SLE,Sierra Leone,2023,13.95,757.848680560444
SLV,El Salvador,2023,48.94,5365.44491399171
SOM,Somalia,2023,9.29,597.458854603043
SRB,Serbia,2023,65.13,12281.5058488303
SUR,Suriname,2023,11.33,5494.07409425517
SVK,Slovakia,2023,67.76,24673.5482979144
SVN,Slovenia,2023,81.99,32610.110922729
SWE,Sweden,2023,107.2,55567.0890080496
SWZ,Swaziland,2023,7.79,3741.69010745416
SYC,Seychelles,2023,29.67,18262.7115849287
SYR,Syria,2023,4.32,847.372723418531
TGO,Togo,2023,26.47,985.697512629974
THA,Thailand,2023,212.68,7195.10130919449
TJK,Tajikistan,2023,20.96,1178.47990060249
TKM,Turkmenistan,2023,4.69,8232.65225980002
TLS,East Timor,2023,4.38,1502.51964514186
TTO,Trinidad and Tobago,2023,100.2,18639.259241294
TUN,Tunisia,2023,8.53,3950.3753419816
TUR,Türkiye,2023,34.61,13105.6585004778
TZA,Tanzania,2023,16.49,1224.48962402344
UGA,Uganda,2023,11.69,1002.30913908852
UKR,Ukraine,2023,69.92,5139.59814453125
URY,Uruguay,2023,144.28,23019.4221560046
USA,United States,2023,210.4,82304.6204272866
UZB,Uzbekistan,2023,51.95,2878.96879292451
VCT,Saint Vincent and the Grenadines,2023,84.01,10582.3656725229
VNM,Vietnam,2023,93.11,4323.35031982451
VUT,Vanuatu,2023,10.06,3515.23633611798
XKX,Kosovo,2023,54.64,6221.20365212094
ZAF,South Africa,2023,43.45,6022.54254192335
ZMB,Zambia,2023,12.16,1330.72780576709
ZWE,Zimbabwe,2023,8.98,2156.03409322984
AGO,Angola,2024,18.58,2122.08368991872
ALB,Albania,2024,62.71,10011.6279856667
ARE,United Arab Emirates,2024,297.62,49377.5643384379
ARG,Argentina,2024,88.03,13858.2039802008
ARM,Armenia,2024,56.54,8500.60522486719
ATG,Antigua and Barbuda,2024,40.58,23725.7903725506
AUS,Australia,2024,71.87,64407.484256932
AUT,Austria,2024,92.86,56833.1960472053
AZE,Azerbaijan,2024,45.47,7283.83562954872
BEL,Belgium,2024,100.82,55954.6106261018
BEN,Benin,2024,22.48,1485.38018980894
BFA,Burkina Faso,2024,45.8,987.321378101867
BGD,Bangladesh,2024,48.14,2593.41607390407
BGR,Bulgaria,2024,77.6,17412.4115085691
BHR,Bahrain,2024,84.66,30048.2177718844
BHS,Bahamas,2024,63.11,39455.4466548546
BIH,Bosnia and Herzegovina,2024,30.74,8957.37294188215
BLR,Belarus,2024,61.05,8316.64776291533
BLZ,Belize,2024,44.74,8429.67959707387
BOL,Bolivia,2024,42.45,4001.21133990795
BRA,Brazil,2024,170.42,10280.3148624429
BRB,Barbados,2024,99.09,25365.7949424181
BRN,Brunei,2024,77.75,33417.8357740437
BWA,Botswana,2024,8.53,7695.2420641819
CAN,Canada,2024,188.2,54282.6176051733
CHE,Switzerland,2024,203.5,103669.872008144
CHL,Chile,2024,265.62,16709.8893972307
CHN,China,2024,189.49,13303.1481543868
CIV,Côte d'Ivoire,2024,62.04,2709.89511641252
CMR,Cameroon,2024,9.94,1762.3683508844
COD,DR Congo,2024,38.03,647.435704836002
COG,Congo,2024,35.94,2482.24894743495
COL,Colombia,2024,144.98,7913.98801464547
CPV,Cape Verde,2024,10.7,5272.85253011419
CRI,Costa Rica,2024,96.65,18587.1532203614
CYP,Cyprus,2024,86.1,38654.16796875
CZE,Czechia,2024,69.55,31706.6234229743
DEU,Germany,2024,90.63,55800.2194549412
DJI,Djibouti,2024,17.08,3496.47111876763
DMA,Dominica,2024,93.74,10405.2787777582
DNK,Denmark,2024,219.23,71851.7562131368
DOM,Dominican Republic,2024,36.1,10875.6618443092
DZA,Algeria,2024,14.26,5631.17999109851
ECU,Ecuador,2024,93.79,6874.705739766
EGY,Egypt,2024,76.48,3338.47371395895
ESP,Spain,2024,205.17,35297.0094995565
EST,Estonia,2024,80.14,31170.0915091887
FIN,Finland,2024,114.33,53188.6186245158
FJI,Fiji,2024,26.36,6288.39867264416
FRA,France,2024,223.72,46150.4876861593
GAB,Gabon,2024,41.42,8218.76307061848
GBR,United Kingdom,2024,108.61,52636.7865943853
GEO,Georgia,2024,34.4,9193.66366361489
GHA,Ghana,2024,37.8,2405.79466378083
GIN,Guinea,2024,9.35,1717.02318120779
GRC,Greece,2024,47.03,24752.1068401681
GTM,Guatemala,2024,52.32,6150.02597767851
GUY,Guyana,2024,90.78,29883.6341152001
HKG,Hong Kong (SAR),2024,280.0,54107.034521746
HND,Honduras,2024,50.52,3426.43483328923
HRV,Croatia,2024,50.69,23931.4528382746
HTI,Haiti,2024,41.57,2142.62330526788
HUN,Hungary,2024,174.95,23310.7512733957
IDN,Indonesia,2024,32.06,4925.43048751861
IND,India,2024,63.79,2696.66389984463
IRL,Ireland,2024,133.34,107316.337306921
IRN,Iran,2024,14.81,4771.40029026226
IRQ,Iraq,2024,33.35,6073.61032342708
ISL,Iceland,2024,213.98,82703.8579937471
ISR,Israel,2024,206.42,54176.6844383302
ITA,Italy,2024,78.42,40226.0472416173
JAM,Jamaica,2024,76.44,7019.74634780454
JOR,Jordan,2024,150.88,4618.09592498567
JPN,Japan,2024,197.78,32475.8924992191
KAZ,Kazakhstan,2024,58.81,14005.3487362345
KEN,Kenya,2024,11.59,2206.1349785176
KGZ,Kyrgyzstan,2024,65.44,2419.26553574523
KHM,Cambodia,2024,45.52,2627.8796974226
KWT,Kuwait,2024,188.29,32213.8622292316
LAO,Laos,2024,38.8,2123.97909411797
LBR,Liberia,2024,8.9,846.277368387389
LBY,Libya,2024,11.1,6318.40314031017
LCA,Saint Lucia,2024,94.01,14181.6303351598
LKA,Sri Lanka,2024,22.94,4515.56787322732
LTU,Lithuania,2024,119.59,29386.2878350187
LUX,Luxembourg,2024,142.05,137516.587324367
LVA,Latvia,2024,92.62,23367.5986788961
MAC,Macau (SAR),2024,162.24,73046.8890267079
MAR,Morocco,2024,29.57,3993.38745117188
MDA,Moldova,2024,120.73,7617.51613089815
MDG,Madagascar,2024,27.41,544.997302693127
MDV,Maldives,2024,13.27,13215.5353637008
MEX,Mexico,2024,79.31,14157.9445835849
MKD,North Macedonia,2024,42.26,9310.02790015256
MLT,Malta,2024,116.51,42347.3073860173
MMR,Myanmar (Burma),2024,21.56,1359.25961394135
MNE,Montenegro,2024,61.13,12935.4522712126
MNG,Mongolia,2024,71.45,6691.48209834228
MOZ,Mozambique,2024,16.48,647.28579950207
MRT,Mauritania,2024,19.3,2082.78374423714
MUS,Mauritius,2024,51.61,11871.733679438
MYS,Malaysia,2024,131.03,11867.2586435443
NAM,Namibia,2024,14.73,4413.1274418646
NGA,Nigeria,2024,21.59,806.945695055244
NIC,Nicaragua,2024,59.51,2847.53966339498
NLD,Netherlands,2024,186.84,68218.7261019406
NOR,Norway,2024,129.0,86809.7246897431
NPL,Nepal,2024,71.62,1447.31004458428
NZL,New Zealand,2024,178.8,48747.0136853042
OMN,Oman,2024,72.64,20248.4168124608
PAK,Pakistan,2024,15.52,1484.74985864775
PAN,Panama,2024,151.94,19102.8521936399
PER,Peru,2024,166.89,8452.37167047598
PHL,Philippines,2024,94.43,3984.8315387656
POL,Poland,2024,154.51,25022.6716445953
PRT,Portugal,2024,172.13,28844.4979246799
PRY,Paraguay,2024,92.67,6416.09709002917
PSE,Palestine,2024,68.16,2592.30591217647
QAT,Qatar,2024,173.33,76275.9076782833
ROU,Romania,2024,200.94,20072.4079244042
RUS,Russia,2024,88.08,14889.0185546875
RWA,Rwanda,2024,30.5,999.654561402699
SAU,Saudi Arabia,2024,112.24,35057.2252306969
SEN,Senegal,2024,21.65,1743.98888384359
SGP,Singapore,2024,297.57,90674.066632628
SLE,Sierra Leone,2024,24.72,873.388575182318
SLV,El Salvador,2024,55.77,5579.65969165029
SOM,Somalia,2024,16.76,636.983477589273
SRB,Serbia,2024,82.28,13523.7246826854
SUR,Suriname,2024,12.09,7430.70219176443
SVK,Slovakia,2024,81.08,26147.9028430133
SVN,Slovenia,2024,92.98,34089.3527652778
SWE,Sweden,2024,138.62,57723.2345031532
TGO,Togo,2024,30.68,1043.14092889765
THA,Thailand,2024,232.15,7345.13569000377
TJK,Tajikistan,2024,29.26,1341.20229027672
TKM,Turkmenistan,2024,3.53,8571.60702949432
TTO,Trinidad and Tobago,2024,119.78,19314.7163432664
TUN,Tunisia,2024,10.58,4350.3717971875
TUR,Türkiye,2024,42.9,15473.2872636856
TZA,Tanzania,2024,18.61,1185.74548339844
UGA,Uganda,2024,17.09,1072.71369837695
UKR,Ukraine,2024,81.84,5389.47314453125
URY,Uruguay,2024,156.02,23906.5133029408
USA,United States,2024,242.27,85809.9003846356
UZB,Uzbekistan,2024,69.37,3161.70010632875
VNM,Vietnam,2024,151.69,4717.29028732449
XKX,Kosovo,2024,69.35,7299.43498083118
ZAF,South Africa,2024,47.35,6253.37158194543
ZMB,Zambia,2024,18.2,1235.08466482514
ZWE,Zimbabwe,2024,21.81,2656.40937654332
